Employee ID,Employee Name,Department,Location,Country
EMP1000,Margaret Kirby,Procurement,Seattle,Usa
EMP1000,James Freeman,Sales,Dallas,Mexico
EMP1000,Dr. Steve Ellis,Procurement,Chicago,Mexico
EMP1000,Erica Armstrong,HR,Dallas,Canada
EMP1001,Alan Young,HR,Dallas,Mexico
EMP1001,Robert Robertson,Sales,Atlanta,Usa
EMP1001,Steven Hernandez,Procurement,Chicago,Usa
EMP1001,Debbie Brown,Finance,Seattle,Usa
EMP1001,Carlos Johnson,Sales,Atlanta,Usa
EMP1002,Paula Mcclure,Procurement,Seattle,Mexico
EMP1002,Andrew Long,Operations,Seattle,Mexico
EMP1003,Kyle Martin,Operations,Dallas,Canada
EMP1003,Edward Griffith,Operations,Dallas,Canada
EMP1003,Kimberly Medina,HR,Chicago,Mexico
EMP1003,Kimberly Johnson,Sales,Chicago,Mexico
EMP1003,Benjamin Davis,Sales,Dallas,Usa
EMP1003,Jean Allen,Sales,New York,Canada
EMP1004,Ashley Jones,Sales,New York,Canada
EMP1004,Daniel Ramirez,Finance,Chicago,Usa
EMP1004,Joanne Soto,Operations,Atlanta,Mexico
EMP1004,Stephanie Jones,Sales,New York,Mexico
EMP1005,Raven Davis,Finance,Atlanta,Usa
EMP1005,Ryan Rogers,Operations,New York,Canada
EMP1005,Ashley Short,Finance,New York,Canada
EMP1005,Sharon Gould,HR,Chicago,Canada
EMP1005,Aaron Gonzalez,HR,New York,Canada
EMP1005,Joshua Collins,HR,Atlanta,Canada
EMP1006,Becky Stone,IT,Chicago,Mexico
EMP1006,Alexis Thompson,IT,Seattle,Mexico
EMP1006,Willie Jordan,Sales,Seattle,Canada
EMP1006,Candace Bryant,Finance,Dallas,Usa
EMP1006,Gina Bailey,IT,New York,Canada
EMP1006,Francisco Copeland,IT,Dallas,Mexico
EMP1006,Karen Raymond,Procurement,Chicago,Mexico
EMP1007,Jennifer Erickson,Finance,New York,Usa
EMP1007,Matthew Savage,Operations,Dallas,Canada
EMP1007,Margaret Kennedy,Finance,New York,Mexico
EMP1007,April Davis,IT,Chicago,Canada
EMP1007,Rita Lee,Sales,Seattle,Canada
EMP1008,Mr. Dominic Frank,IT,Seattle,Canada
EMP1008,Mark Hill,HR,New York,Mexico
EMP1009,Kathryn Jones,HR,Seattle,Canada
EMP1009,Michael Gomez,Procurement,New York,Mexico
EMP1009,Catherine Hudson,Procurement,New York,Mexico
EMP1009,Luke Caldwell,HR,Atlanta,Usa
EMP1009,Amanda Evans,Operations,Seattle,Mexico
EMP1009,Karen Wang,Finance,Chicago,Canada
EMP1009,Amanda King,Procurement,New York,Usa
EMP1010,Geoffrey West,Operations,New York,Mexico
EMP1010,Michael Willis,IT,Atlanta,Canada
EMP1010,Christopher Jones,Finance,Dallas,Usa
EMP1011,Jackie Bishop,Operations,New York,Canada
EMP1011,Teresa Ortiz,Sales,New York,Canada
EMP1011,Cheryl Little,Finance,Seattle,Canada
EMP1011,Cassandra Jones,Sales,Seattle,Canada
EMP1011,Barbara Roberts,HR,Atlanta,Canada
EMP1011,Joshua Fuller,HR,Dallas,Usa
EMP1011,Patrick Boyd,Procurement,Atlanta,Mexico
EMP1012,Melinda Olson,HR,Atlanta,Usa
EMP1013,Amanda Clark,IT,Dallas,Canada
EMP1013,Ashley Allen,Operations,Dallas,Canada
EMP1013,Kyle Green,Procurement,New York,Canada
EMP1013,Pamela Morales,IT,New York,Usa
EMP1014,Rhonda Collins,HR,Chicago,Mexico
EMP1014,Tyler Roberts,Procurement,Atlanta,Usa
EMP1014,Jennifer Cortez,Procurement,Chicago,Usa
EMP1014,Eric Sanders,Finance,Atlanta,Canada
EMP1015,Nicole Brown,IT,Chicago,Mexico
EMP1015,Patty Holt,Finance,Chicago,Usa
EMP1015,Kaitlyn Ray,Sales,Chicago,Mexico
EMP1015,Joseph Elliott,IT,Seattle,Mexico
EMP1015,John Golden,Sales,Dallas,Mexico
EMP1015,Joseph Barton,IT,Chicago,Mexico
EMP1016,Alicia Jackson,HR,Dallas,Canada
EMP1016,Vicki Davis,Procurement,Atlanta,Mexico
EMP1016,Brett Santana,Procurement,Atlanta,Canada
EMP1017,Jill Powell,HR,New York,Mexico
EMP1017,Valerie Sharp,Operations,Dallas,Usa
EMP1017,Dawn Smith,Procurement,Seattle,Usa
EMP1017,Samuel Webb,Sales,Atlanta,Canada
EMP1017,Kayla Guerrero,HR,Atlanta,Mexico
EMP1017,Susan Smith,Operations,Seattle,Canada
EMP1017,Anthony Coleman,Procurement,Atlanta,Usa
EMP1017,Veronica Cooper,Operations,Atlanta,Usa
EMP1018,Angela Chen,Finance,New York,Mexico
EMP1018,Scott Erickson,Finance,Dallas,Canada
EMP1018,Peggy Woods,Sales,New York,Canada
EMP1018,Jennifer Clark,Procurement,Seattle,Canada
EMP1019,Sandra Clark,IT,Dallas,Usa
EMP1019,Rachel Sawyer,IT,Dallas,Canada
EMP1020,Kelly Hernandez,Finance,Atlanta,Mexico
EMP1020,Wayne Houston,Finance,Chicago,Canada
EMP1020,Logan Ewing,HR,Dallas,Mexico
EMP1020,Stacey Drake,Finance,New York,Mexico
EMP1020,Justin Daniel,HR,Dallas,Mexico
EMP1020,Monica Maynard,IT,New York,Usa
EMP1020,Marcus Bell,HR,Atlanta,Canada
EMP1021,Paige Martin,Finance,Atlanta,Usa
EMP1021,Nathaniel Perez,IT,Chicago,Usa
EMP1021,Monica Palmer,Procurement,New York,Canada
EMP1022,Kevin Banks,HR,Atlanta,Canada
EMP1022,Marcus Morgan,Finance,Dallas,Mexico
EMP1022,Adam Frederick,HR,Seattle,Mexico
EMP1022,Teresa Evans,IT,Dallas,Canada
EMP1022,Jordan Watson,Operations,Seattle,Mexico
EMP1022,Stephanie Hoover,Operations,Dallas,Usa
EMP1023,Aaron Martin,HR,New York,Mexico
EMP1023,Alyssa Bray,Operations,Dallas,Canada
EMP1023,Tara Bird,Procurement,Atlanta,Usa
EMP1023,Amanda Nichols,Finance,Dallas,Usa
EMP1024,Kimberly Brown,Operations,Dallas,Canada
EMP1024,Stephanie Bruce,Procurement,Chicago,Canada
EMP1024,Brian Bennett,Finance,Dallas,Usa
EMP1025,Barbara Rodriguez,Sales,Seattle,Canada
EMP1025,Albert Cross,Procurement,New York,Usa
EMP1025,Emily Frazier,Finance,Atlanta,Usa
EMP1025,Jennifer Cameron,IT,Chicago,Usa
EMP1025,Latoya Nelson,Sales,New York,Canada
EMP1026,Maxwell Andrews,Operations,New York,Canada
EMP1026,Pamela Walker,Procurement,Seattle,Usa
EMP1026,Tara Gardner,HR,New York,Canada
EMP1027,Dustin Hamilton,Procurement,Seattle,Canada
EMP1027,David Waters,Procurement,Dallas,Canada
EMP1027,Jordan Hall,HR,New York,Canada
EMP1027,Edward Butler,HR,Dallas,Canada
EMP1028,Laura Howard,Sales,Atlanta,Mexico
EMP1028,Savannah Lee,HR,New York,Mexico
EMP1028,Vicki Rogers,Finance,Dallas,Mexico
EMP1028,Matthew Cannon,Procurement,New York,Usa
EMP1028,Elizabeth Walker,Operations,New York,Canada
EMP1029,Denise Lynn,Sales,Seattle,Mexico
EMP1029,Daniel Daniel,HR,Chicago,Mexico
EMP1029,Elizabeth Kaiser,IT,New York,Canada
EMP1029,Vernon Foster,Sales,Seattle,Usa
EMP1030,Lindsey Willis,HR,Atlanta,Canada
EMP1030,Douglas Peters,Operations,Seattle,Usa
EMP1030,James Barnett,IT,Chicago,Usa
EMP1030,David Rice,Sales,Dallas,Mexico
EMP1030,Justin Thornton,Operations,Atlanta,Mexico
EMP1030,Douglas Thompson,Procurement,Seattle,Canada
EMP1030,Benjamin Bond,IT,Dallas,Usa
EMP1030,Kelsey Bass,IT,New York,Usa
EMP1031,Aaron Hill,Sales,Atlanta,Mexico
EMP1031,Taylor Williams,Procurement,Dallas,Mexico
EMP1031,Eric Hill,Sales,Atlanta,Canada
EMP1031,Marcus Nunez,Sales,Seattle,Usa
EMP1032,Gregory Friedman,Procurement,Seattle,Usa
EMP1032,Mitchell Silva,Operations,New York,Usa
EMP1032,Tammy Leonard,IT,Dallas,Usa
EMP1032,William Brown,IT,Seattle,Usa
EMP1032,Dawn Horton,Operations,Chicago,Canada
EMP1032,Dawn Douglas,Operations,New York,Canada
EMP1033,Teresa Jones,Operations,New York,Usa
EMP1033,Anita Boyd,Sales,Dallas,Usa
EMP1033,Richard Kline,Operations,New York,Mexico
EMP1033,Henry Harrington,Sales,New York,Canada
EMP1033,Amanda Cole,Finance,Dallas,Canada
EMP1033,Hailey Lopez,Operations,New York,Mexico
EMP1034,Katie Wagner,Operations,Seattle,Mexico
EMP1034,Melanie Sanchez,Sales,Atlanta,Usa
EMP1034,Angela Ward,IT,Dallas,Canada
EMP1034,Marcia Brown,IT,Dallas,Usa
EMP1035,Brandi Mcmillan,Procurement,New York,Mexico
EMP1035,Abigail Haas,HR,Chicago,Usa
EMP1035,Elizabeth Vasquez,Operations,New York,Usa
EMP1035,Bobby Wilson,Procurement,New York,Canada
EMP1035,Grant Copeland,HR,Seattle,Canada
EMP1035,Douglas Knight,HR,Dallas,Mexico
EMP1035,Karen Delacruz,HR,Atlanta,Mexico
EMP1036,Robert Benson,HR,Atlanta,Mexico
EMP1036,Jamie Burke,IT,Chicago,Mexico
EMP1036,Jennifer Benton,Sales,New York,Usa
EMP1036,William Clark,Procurement,New York,Canada
EMP1036,Julian Lopez,HR,Seattle,Mexico
EMP1036,Sarah Romero,Finance,New York,Mexico
EMP1037,Roy Johnson,IT,Atlanta,Usa
EMP1037,Jason Jones,Sales,Dallas,Canada
EMP1037,Mrs. Victoria Burke,Sales,Seattle,Mexico
EMP1037,Barry Ellis,Finance,Dallas,Mexico
EMP1037,Michelle Gonzalez,HR,Seattle,Mexico
EMP1038,Christopher Reyes,Finance,Atlanta,Usa
EMP1038,Helen Fox,IT,Chicago,Canada
EMP1038,Elizabeth Goodwin,Finance,New York,Usa
EMP1039,Sandy Mccormick,Finance,New York,Mexico
EMP1039,Miranda Wallace Dvm,Finance,Seattle,Canada
EMP1039,Thomas Collins,HR,New York,Mexico
EMP1039,Jason Mendoza,HR,Seattle,Mexico
EMP1039,Maureen Douglas Dds,Sales,Atlanta,Usa
EMP1039,Leonard Walker,IT,New York,Canada
EMP1039,Connie Ortiz,Procurement,New York,Mexico
EMP1039,Shelly Conrad,HR,New York,Canada
EMP1040,Jennifer Ware,Sales,Atlanta,Mexico
EMP1040,Meredith Miller,Sales,New York,Usa
EMP1040,Zachary Matthews,HR,Atlanta,Canada
EMP1040,Sarah Rodriguez,Finance,Atlanta,Usa
EMP1040,Kristin Yates,Operations,Chicago,Usa
EMP1041,Paul Lambert,Finance,Seattle,Usa
EMP1041,Jennifer Ray,IT,Atlanta,Canada
EMP1041,Sherry Reynolds,Finance,Seattle,Usa
EMP1041,Jason Kane,Operations,Atlanta,Usa
EMP1041,Melissa Cruz,Procurement,New York,Usa
EMP1042,Cameron Smith,Procurement,Dallas,Usa
EMP1042,Christina Brown Md,Sales,Dallas,Mexico
EMP1042,Julie Allen,Finance,New York,Usa
EMP1042,Grant White,Sales,New York,Canada
EMP1042,Marissa Douglas,Sales,Chicago,Mexico
EMP1043,Steven Lyons,HR,Seattle,Canada
EMP1043,Ashley Pearson,Sales,Atlanta,Canada
EMP1043,Douglas Ross,Operations,Chicago,Usa
EMP1043,Bryan Koch,Procurement,New York,Mexico
EMP1044,Melody Keller,HR,Chicago,Usa
EMP1044,Ashley Brown,Operations,Seattle,Canada
EMP1044,Casey Leblanc,IT,Atlanta,Usa
EMP1044,Joyce Reyes,HR,Dallas,Canada
EMP1044,Timothy Branch,Operations,New York,Canada
EMP1045,Jeremiah Carroll,IT,New York,Canada
EMP1045,Dana Meyer,IT,Atlanta,Canada
EMP1046,Michael Jackson,HR,New York,Canada
EMP1046,Melody Hall Dds,Finance,Seattle,Canada
EMP1046,Elizabeth Johnson,Finance,Atlanta,Mexico
EMP1046,Susan Wells,HR,Seattle,Mexico
EMP1047,Sarah Archer,HR,Seattle,Usa
EMP1047,Steven Ayala,Operations,Seattle,Mexico
EMP1047,Jose Key,IT,New York,Usa
EMP1047,Gabrielle Price,Finance,Seattle,Canada
EMP1047,Jasmine Davis,Operations,New York,Mexico
EMP1047,Crystal Ford,Sales,Dallas,Usa
EMP1047,Charles Hernandez,Procurement,Dallas,Mexico
EMP1047,Mary Rodriguez,Sales,Seattle,Mexico
EMP1047,James Martinez,IT,Seattle,Usa
EMP1048,Tanya Clark,HR,Atlanta,Canada
EMP1048,Katie Snow,Operations,New York,Usa
EMP1048,Nathan Mcmillan,Sales,Atlanta,Usa
EMP1048,Derek Gibson,Operations,New York,Mexico
EMP1048,Edward Cruz,Finance,Chicago,Canada
EMP1048,Debra Graham,HR,Seattle,Usa
EMP1049,Terrance Valdez,Operations,Chicago,Usa
EMP1050,Kelly Little,Operations,Seattle,Usa
EMP1050,Kimberly Moore,Procurement,Chicago,Canada
EMP1050,Devin Phillips,HR,Seattle,Usa
EMP1050,Michael Frazier,IT,Atlanta,Usa
EMP1050,Nathan Foster,Finance,Atlanta,Usa
EMP1050,Mr. Danny May,IT,Chicago,Canada
EMP1051,Caleb Woods,IT,Dallas,Usa
EMP1051,Julie Nelson,Operations,Seattle,Usa
EMP1051,James Martin,Operations,Chicago,Usa
EMP1052,Emily Miller,Operations,Dallas,Mexico
EMP1052,Margaret Adams,Procurement,Chicago,Usa
EMP1052,John Davis,Procurement,Chicago,Usa
EMP1052,Erin Patton Dvm,HR,Chicago,Mexico
EMP1052,Susan Shepard,Procurement,Atlanta,Canada
EMP1052,Michelle Salinas,IT,Atlanta,Mexico
EMP1052,Shirley Cordova,Procurement,Dallas,Canada
EMP1053,Edward Thomas,Finance,Chicago,Canada
EMP1053,Krista Rodriguez,Sales,Seattle,Mexico
EMP1053,William Cordova,Procurement,Chicago,Canada
EMP1053,Brandi Dougherty,Finance,Seattle,Usa
EMP1053,Laurie Davis,IT,Atlanta,Mexico
EMP1054,Joseph Gibson,HR,Chicago,Usa
EMP1054,Sean Copeland,Operations,Seattle,Usa
EMP1054,Brenda Wells,Sales,Chicago,Mexico
EMP1055,Kristina Mcguire,HR,Atlanta,Usa
EMP1055,Mary Scott,IT,New York,Mexico
EMP1055,Gary Moon,HR,Dallas,Usa
EMP1055,Michelle Clark,Finance,Atlanta,Mexico
EMP1055,Erica Novak,HR,Chicago,Mexico
EMP1055,Jacob Gomez,Operations,Chicago,Canada
EMP1056,Joanna Williams,HR,Seattle,Usa
EMP1056,Joseph Arias,Procurement,New York,Canada
EMP1056,Courtney Herrera,Finance,Chicago,Canada
EMP1056,Geoffrey Johnson,HR,New York,Usa
EMP1057,Mary Fitzpatrick,Procurement,Atlanta,Mexico
EMP1057,Tara Smith,Operations,New York,Mexico
EMP1057,Vanessa Hopkins,HR,Dallas,Usa
EMP1057,William Green,IT,Atlanta,Usa
EMP1057,Jennifer Alexander,Finance,Chicago,Usa
EMP1057,Jennifer Gonzalez,IT,Dallas,Mexico
EMP1058,John Brock,Sales,New York,Usa
EMP1058,Jason Gomez,HR,New York,Mexico
EMP1059,Candace Riddle,Finance,New York,Canada
EMP1059,Brandon Thomas,Operations,Chicago,Mexico
EMP1060,David Kline,Finance,Chicago,Mexico
EMP1061,Lucas Lopez,Sales,New York,Mexico
EMP1061,Amber Roberts,Sales,Dallas,Mexico
EMP1061,Jesus Taylor,IT,Chicago,Canada
EMP1061,Paige Roman,IT,Chicago,Mexico
EMP1061,Heather Allen,Procurement,Dallas,Mexico
EMP1062,Colleen Reyes,Sales,Dallas,Canada
EMP1062,Debra Harris,HR,New York,Canada
EMP1062,Charles Lamb,Sales,Chicago,Mexico
EMP1062,Susan Fleming,Operations,New York,Canada
EMP1062,Kimberly Edwards,Sales,Seattle,Canada
EMP1063,Brent Villanueva,Finance,Chicago,Mexico
EMP1063,Jermaine Baker,Operations,Dallas,Mexico
EMP1063,Katherine Jackson,Finance,New York,Usa
EMP1063,Brian Evans,Procurement,Dallas,Usa
EMP1063,Ashley Hampton,IT,Dallas,Canada
EMP1063,Daniel Alvarez Phd,Finance,Chicago,Canada
EMP1063,Alejandra Zamora,Procurement,Chicago,Canada
EMP1063,Patrick Moreno,Sales,New York,Mexico
EMP1063,Amanda Harris,Sales,Chicago,Mexico
EMP1064,Crystal Johnson,Operations,Seattle,Canada
EMP1064,Bobby Lopez,Operations,Dallas,Usa
EMP1064,Angela Williams,Procurement,Dallas,Canada
EMP1064,Christian Edwards,IT,Atlanta,Mexico
EMP1064,Jillian Williams,Operations,New York,Canada
EMP1065,James Williams,HR,Chicago,Usa
EMP1065,Yolanda Hart,IT,Chicago,Usa
EMP1065,Mr. Michael Lee,IT,Dallas,Mexico
EMP1065,Robert Anderson,Sales,Dallas,Usa
EMP1065,Charles Chapman,Sales,Dallas,Mexico
EMP1065,Joseph Garcia,Procurement,Seattle,Canada
EMP1066,William Lynch,Procurement,Seattle,Usa
EMP1066,Peter Diaz,Operations,Atlanta,Usa
EMP1066,Nicholas Williams,Sales,New York,Mexico
EMP1066,Bethany Hopkins,HR,Atlanta,Canada
EMP1066,John Barnes,Procurement,Seattle,Canada
EMP1067,Theresa Hansen,Finance,New York,Canada
EMP1067,Jared Watts,Procurement,Atlanta,Canada
EMP1067,Julie Lee,HR,Dallas,Canada
EMP1067,Michele Vega,Finance,New York,Usa
EMP1067,James Ross,IT,Dallas,Canada
EMP1067,Mary Camacho,IT,Dallas,Usa
EMP1067,John Hall,HR,Chicago,Mexico
EMP1068,Michael Wright,Finance,Seattle,Usa
EMP1068,Cheryl Wilkinson,Sales,Dallas,Canada
EMP1068,David Harding,Finance,Atlanta,Canada
EMP1068,Carrie Brewer,Procurement,New York,Mexico
EMP1068,Samantha Carter,HR,Atlanta,Mexico
EMP1068,Lauren Torres,Finance,Atlanta,Canada
EMP1069,Leslie Mata,HR,Chicago,Usa
EMP1069,Dominic Miller,Operations,Dallas,Canada
EMP1069,Holly Jones,Sales,Dallas,Usa
EMP1069,Timothy Gonzalez,IT,Seattle,Mexico
EMP1069,Renee Blair,Sales,Dallas,Canada
EMP1070,Michelle Phillips,HR,Chicago,Canada
EMP1070,Kenneth Elliott,Procurement,Atlanta,Mexico
EMP1070,Joy Rhodes,Finance,Chicago,Canada
EMP1070,Mr. Taylor Arias,IT,Dallas,Canada
EMP1070,Richard Moore,HR,Atlanta,Usa
EMP1071,Laura Rollins,IT,Chicago,Usa
EMP1071,Christopher Roberson,Procurement,Chicago,Canada
EMP1071,Laurie Reese,IT,Chicago,Mexico
EMP1071,Loretta Gomez,Finance,Seattle,Canada
EMP1072,Peter Butler,IT,Atlanta,Usa
EMP1072,Jesse Marshall,Finance,Seattle,Mexico
EMP1072,Angel Callahan,Procurement,Atlanta,Mexico
EMP1072,Amber Jordan,IT,New York,Mexico
EMP1073,Robert Mcdowell,Operations,Dallas,Usa
EMP1073,James Norton,IT,Seattle,Usa
EMP1073,Kimberly Duncan,IT,Atlanta,Usa
EMP1073,Cindy Jones,HR,New York,Canada
EMP1073,Andre Perry,HR,Atlanta,Mexico
EMP1074,Jennifer Lopez,HR,Seattle,Usa
EMP1074,Kathryn Combs,IT,New York,Canada
EMP1074,Aaron Fisher,Procurement,Atlanta,Canada
EMP1074,Diane Burns,Procurement,Dallas,Canada
EMP1074,Tamara Ramirez,Sales,Atlanta,Usa
EMP1075,Jeffrey Moore,HR,Chicago,Mexico
EMP1075,Andrew Miller,Sales,New York,Canada
EMP1075,Michael Hill,IT,Dallas,Canada
EMP1075,John Mcgrath,HR,New York,Canada
EMP1075,Amanda Wright,Finance,Dallas,Usa
EMP1075,Kelly Leblanc,IT,Chicago,Usa
EMP1075,Chad Reed,Operations,Dallas,Usa
EMP1075,Monica Clarke,IT,Dallas,Mexico
EMP1076,Edward Newton,IT,Dallas,Usa
EMP1076,Travis Dudley,Procurement,Seattle,Usa
EMP1076,Jordan Smith,Sales,Seattle,Usa
EMP1076,Jonathan Barnes,Finance,Atlanta,Usa
EMP1076,Cody Rivas,HR,Chicago,Usa
EMP1076,Jillian Miller,Finance,Atlanta,Usa
EMP1076,Jacqueline Boyd,IT,Atlanta,Canada
EMP1077,Brian Burch,Sales,Dallas,Mexico
EMP1077,Toni Fritz,Finance,Atlanta,Canada
EMP1077,Oscar Martinez,Procurement,Seattle,Canada
EMP1077,Robert Stephens,Procurement,Chicago,Mexico
EMP1077,Howard Martinez,Sales,Seattle,Usa
EMP1078,Amanda Swanson,Procurement,Atlanta,Mexico
EMP1078,Laura Pena,Finance,Atlanta,Mexico
EMP1079,Katherine Walters,IT,Chicago,Mexico
EMP1079,James Taylor,HR,Dallas,Mexico
EMP1080,Daniel Jones,HR,Seattle,Canada
EMP1080,Michael Velasquez,Operations,Chicago,Canada
EMP1080,Jonathan Turner,Finance,Dallas,Canada
EMP1080,Sarah Williams,Operations,New York,Mexico
EMP1081,Michelle Sullivan,IT,Dallas,Mexico
EMP1081,Maria Mccall,Operations,Atlanta,Usa
EMP1082,Eric Ford,Operations,New York,Canada
EMP1082,Daniel Jenkins,HR,New York,Mexico
EMP1082,Tracey Murray,Procurement,Atlanta,Usa
EMP1082,Danielle Brown,Sales,Chicago,Mexico
EMP1082,John Kelly,Operations,Atlanta,Usa
EMP1082,Claire Moreno,HR,Seattle,Usa
EMP1082,Kathleen Wade,IT,Atlanta,Mexico
EMP1082,Olivia Hines,IT,Seattle,Canada
EMP1083,Preston Moore,Operations,Chicago,Mexico
EMP1083,Daniel Munoz,Operations,Dallas,Usa
EMP1084,Edwin Peterson,HR,Chicago,Mexico
EMP1084,Julia Deleon,Procurement,Seattle,Canada
EMP1084,Danielle Smith,Operations,Seattle,Mexico
EMP1084,Sandra Morales,HR,Dallas,Canada
EMP1084,Fred Hunter,IT,Atlanta,Usa
EMP1084,Katherine Jones,Sales,New York,Usa
EMP1085,Jacqueline Moore,Sales,Chicago,Mexico
EMP1085,Rhonda Kaufman,Finance,Seattle,Usa
EMP1085,Heather Murray,IT,Chicago,Mexico
EMP1085,Jeffery Lewis,IT,New York,Usa
EMP1085,Megan White,Sales,Chicago,Canada
EMP1085,James Fuller,Sales,Atlanta,Usa
EMP1085,Andrea Thompson,Procurement,Chicago,Mexico
EMP1085,Jason Sanders,Operations,Dallas,Usa
EMP1085,David Bowman,HR,Chicago,Mexico
EMP1085,William Rios Phd,Sales,Seattle,Canada
EMP1086,Tricia Ford,IT,New York,Usa
EMP1086,Michelle Baker,Procurement,Dallas,Canada
EMP1086,Brandy Watson,IT,Seattle,Canada
EMP1087,Monica Smith,IT,Atlanta,Mexico
EMP1087,David Snyder,IT,Seattle,Canada
EMP1087,Cody Wood,Procurement,Atlanta,Mexico
EMP1087,Jon Vasquez,Finance,Chicago,Canada
EMP1088,Frank Reyes,IT,Chicago,Canada
EMP1088,Nicole Campbell,Operations,Atlanta,Canada
EMP1088,John Gaines,Sales,New York,Usa
EMP1088,Bradley Simon,HR,Dallas,Usa
EMP1088,Jacob Moore,Finance,Seattle,Usa
EMP1089,Jacob Francis,HR,Atlanta,Canada
EMP1089,Mary Thompson,Finance,New York,Usa
EMP1089,Tina Clark,Operations,Atlanta,Usa
EMP1089,Timothy Campbell,HR,Seattle,Canada
EMP1090,Michelle Gonzalez,Finance,Dallas,Usa
EMP1090,Raymond Richards,Operations,Dallas,Canada
EMP1090,Zachary Andrews,Finance,Seattle,Usa
EMP1090,Gwendolyn Alvarez,IT,Chicago,Mexico
EMP1090,Brian Sanders,IT,Atlanta,Canada
EMP1090,Megan Lewis,Procurement,Seattle,Usa
EMP1090,Christopher Gonzalez,Finance,New York,Canada
EMP1090,Melvin Grimes,HR,New York,Canada
EMP1090,Anthony Meyers,Procurement,Seattle,Mexico
EMP1090,Sandra Guzman,Operations,Chicago,Mexico
EMP1091,Gabriella Hart,IT,Dallas,Usa
EMP1091,Sarah Davis,Sales,Dallas,Canada
EMP1091,Chad Newton,HR,Chicago,Canada
EMP1092,Robert Brennan,Operations,Chicago,Canada
EMP1092,Jordan Webb,Finance,Dallas,Usa
EMP1092,Robert Kim,Operations,Seattle,Mexico
EMP1093,Alexander Davis,Sales,New York,Mexico
EMP1093,Mackenzie Carrillo,Finance,New York,Usa
EMP1093,Victor Griffin,IT,Atlanta,Canada
EMP1093,Jacob Ortiz,Operations,New York,Usa
EMP1093,Timothy Edwards,Sales,Dallas,Mexico
EMP1094,Audrey Ward,HR,Chicago,Canada
EMP1094,Deanna Ward,IT,Atlanta,Canada
EMP1094,Erik Hill,Operations,Seattle,Usa
EMP1094,Tracy Williams,Sales,Atlanta,Mexico
EMP1095,Taylor Hayes,Sales,Atlanta,Usa
EMP1095,Ariel Brown,IT,Seattle,Canada
EMP1095,Peter Collins,Operations,Atlanta,Canada
EMP1096,Joseph Smith,Operations,New York,Canada
EMP1096,Andrew Singh,Sales,Dallas,Mexico
EMP1096,William Johnson,Procurement,Dallas,Mexico
EMP1096,Michael Lewis,HR,Chicago,Mexico
EMP1096,Derek Walker,Procurement,Seattle,Canada
EMP1096,Tammy Coleman,HR,Seattle,Usa
EMP1096,Maria Parker,IT,Chicago,Mexico
EMP1096,Erin Bates,Operations,Seattle,Canada
EMP1096,Joseph Flores,Procurement,Seattle,Canada
EMP1096,Nicole Berry,Finance,Chicago,Usa
EMP1096,James Cook,Operations,Chicago,Mexico
EMP1097,Richard Chase,IT,New York,Mexico
EMP1097,Jesse Walker,IT,New York,Mexico
EMP1098,Hannah Miles,Finance,Seattle,Mexico
EMP1098,Mary Good,Finance,Chicago,Usa
EMP1099,Sherri Hahn,Operations,Dallas,Canada
EMP1099,Dustin Johnson,Operations,Seattle,Usa
EMP1099,Jennifer Aguilar,Sales,Chicago,Usa
UNKNOWN,Catherine Pugh,Operations,Dallas,Usa
UNKNOWN,Adrienne Hernandez,IT,New York,Usa
UNKNOWN,Katherine Strong,Finance,Chicago,Usa
UNKNOWN,Matthew Johnson,Finance,Seattle,Usa
UNKNOWN,Christopher Thompson Md,Finance,Dallas,Mexico
UNKNOWN,Jason Nelson,IT,Seattle,Mexico
UNKNOWN,Paula Nelson,Sales,New York,Mexico
UNKNOWN,Maria Thompson,IT,Atlanta,Canada
UNKNOWN,Pedro Mcdowell,Procurement,New York,Mexico
UNKNOWN,Michael Carney,Sales,Seattle,Mexico
UNKNOWN,Jessica Bell,Procurement,Atlanta,Usa
UNKNOWN,Joshua Washington,HR,New York,Usa
UNKNOWN,Brandon Johnson,Procurement,Atlanta,Mexico
UNKNOWN,Kari Gibson,IT,Dallas,Usa
UNKNOWN,Scott Edwards,Operations,New York,Usa
UNKNOWN,Amanda Ross,IT,Seattle,Mexico
UNKNOWN,Jason Barnett,IT,Chicago,Canada
UNKNOWN,Joseph Valentine Dds,Operations,Seattle,Usa
UNKNOWN,Sarah Lee,IT,Atlanta,Mexico
UNKNOWN,Candace Mckinney,Sales,Chicago,Usa
UNKNOWN,Angela Rodriguez,IT,Seattle,Mexico
UNKNOWN,Nancy Mooney,Procurement,Dallas,Mexico
UNKNOWN,Kimberly Moore,Procurement,Dallas,Mexico
UNKNOWN,Elizabeth Leach,IT,New York,Mexico
